Week,Team,Points,Wins,Percent,Rank
1,Scott,1866,11.5,88.3,1
1,Barrett,1751.3,10.7,85.6,2
1,Josh,1801.8,10.5,84.8,3
1,Justin,1660.3,9.4,73.9,4
1,Diaz,1660.4,8.3,46,5
1,Bobby,1617.8,7.5,17.2,6
1,German,1474.1,1.8,1.6,7
1,PFinn,1556.8,3.7,1.0999999999999999,8
1,Eric,1561.2,3.6,0.8999999999999999,9
1,David,1554.6,3,0.6,10
